"id","name","email","Accesslevel","timestamp","status","image","username","socialid","logintype","json","dob","street","address","city","state","country","pincode","facebook","google","twitter",
"1","wohlig","wohlig@wohlig.com","admin","0000-00-00 00:00:00","Active","","","","0","","0000-00-00","","","","","","","","","",
"4","pratik","pratik@wohlig.com","admin","2014-05-12 12:22:44","Active","","pratik","1","1","","0000-00-00","","","","","","","","","",
"5","wohlig123","wohlig1@wohlig.com","admin","2014-05-12 12:22:44","Active","","","","0","","0000-00-00","","","","","","","","","",
"6","wohlig1","wohlig2@wohlig.com","admin","2014-05-12 12:22:44","Active","","","","0","","0000-00-00","","","","","","","","","",
"7","Avinash","avinash@wohlig.com","admin","2014-10-17 11:52:29","Active","","","","0","","0000-00-00","","","","","","","","","",
"9","avinash","a@email.com","Frontend User","2014-12-03 16:36:19","","","","123","1","demojson","0000-00-00","","","","","","","","","",
"13","aaa","aaa3@email.com","","2014-12-04 12:25:42","","","","1","2","userjson","0000-00-00","","","","","","","","","",
"14","Rohan Patil","rohan@gmail.com","admin","2015-01-04 15:50:37","","","","1","1","demojson","2015-01-15","kacheri street","yashodatt apt","karjat","Maharashtra","India","410201","rohan09@fb.com","rohan@google.com","#rohand",
"15","avinash","avinash@avinash.com","admin","2015-02-03 22:49:36","Active","","","1","1","[{""label"":""Meta Title"",""type"":""text"",""classes"":"""",""placeholder"":"""",""value"":""metatitle""},{""label"":""Meta Description"",""type"":""textarea"",""classes"":"""",""placeholder"":"""",""value"":""metadesc""},{""label"":""Meta Keywords"",""type"":""textarea"",""classes"":"""",""placeholder"":"""",""value"":""metakey""}]","2015-02-04","1","1","1","1","1","1","1","1","1",
"16","aaa","avi@aaa.aaa","","2015-03-23 17:05:02","","","","","0","","0000-00-00","","","","","","","","","",
"17","chin","chi@chi.com","Frontend User","2015-03-23 17:13:08","","","","","0","","0000-00-00","","","","","","","","","",
